full_id,longitude,latitude,country,PLE,wb_c_hist,wb_k_hist,weibull_c_SSP245_ACCESS-CM2,weibull_k_SSP245_ACCESS-CM2,weibull_c_SSP245_ACCESS-ESM1-5,weibull_k_SSP245_ACCESS-ESM1-5,weibull_c_SSP245_CanESM5,weibull_k_SSP245_CanESM5,weibull_c_SSP245_CESM2-WACCM,weibull_k_SSP245_CESM2-WACCM,weibull_c_SSP245_CMCC-CM2-SR5,weibull_k_SSP245_CMCC-CM2-SR5,weibull_c_SSP245_CMCC-ESM2,weibull_k_SSP245_CMCC-ESM2,weibull_c_SSP245_EC-Earth3,weibull_k_SSP245_EC-Earth3,weibull_c_SSP245_IITM-ESM,weibull_k_SSP245_IITM-ESM,weibull_c_SSP245_IPSL-CM6A-LR,weibull_k_SSP245_IPSL-CM6A-LR,weibull_c_SSP245_MPI-ESM1-2-HR,weibull_k_SSP245_MPI-ESM1-2-HR,weibull_c_SSP245_MPI-ESM1-2-LR,weibull_k_SSP245_MPI-ESM1-2-LR,weibull_c_SSP245_MRI-ESM2-0,weibull_k_SSP245_MRI-ESM2-0,weibull_c_SSP245_NorESM2-MM,weibull_k_SSP245_NorESM2-MM,weibull_c_SSP585_ACCESS-CM2,weibull_k_SSP585_ACCESS-CM2,weibull_c_SSP585_ACCESS-ESM1-5,weibull_k_SSP585_ACCESS-ESM1-5,weibull_c_SSP585_CanESM5,weibull_k_SSP585_CanESM5,weibull_c_SSP585_CESM2-WACCM,weibull_k_SSP585_CESM2-WACCM,weibull_c_SSP585_CMCC-CM2-SR5,weibull_k_SSP585_CMCC-CM2-SR5,weibull_c_SSP585_CMCC-ESM2,weibull_k_SSP585_CMCC-ESM2,weibull_c_SSP585_EC-Earth3,weibull_k_SSP585_EC-Earth3,weibull_c_SSP585_IITM-ESM,weibull_k_SSP585_IITM-ESM,weibull_c_SSP585_IPSL-CM6A-LR,weibull_k_SSP585_IPSL-CM6A-LR,weibull_c_SSP585_MPI-ESM1-2-HR,weibull_k_SSP585_MPI-ESM1-2-HR,weibull_c_SSP585_MPI-ESM1-2-LR,weibull_k_SSP585_MPI-ESM1-2-LR,weibull_c_SSP585_MRI-ESM2-0,weibull_k_SSP585_MRI-ESM2-0,weibull_c_SSP585_NorESM2-MM,weibull_k_SSP585_NorESM2-MM,distance_km,region,reference_name
n1562890233,16.6135671,47.5747827,Austria,0.27,4.94,1.19,4.88,1.19,5.04,1.18,4.26,1.16,4.55,1.17,5.3,1.22,5.06,1.21,4.48,1.2,5.09,1.16,4.48,1.15,4.58,1.2,4.58,1.18,4.77,1.12,4.73,1.17,5.09,1.18,4.78,1.19,4.22,1.15,4.3,1.14,4.97,1.18,5.31,1.21,4.22,1.19,4.7,1.17,4.47,1.16,4.47,1.17,4.71,1.19,4.75,1.12,4.46,1.14,11.909175321260472,AT,Weinviertel
n1562890238,16.6137822,47.5774992,Austria,0.27,4.73,1.04,4.67,1.04,4.83,1.03,3.99,1.01,4.3,1.02,5.13,1.06,4.87,1.05,4.23,1.04,4.89,1.01,4.23,1.0,4.34,1.05,4.34,1.03,4.55,0.98,4.5,1.02,4.9,1.03,4.57,1.04,3.95,1.0,4.03,1.0,4.77,1.03,5.14,1.05,3.95,1.03,4.47,1.02,4.22,1.01,4.22,1.02,4.48,1.04,4.52,0.98,4.2,1.0,12.13322142792096,AT,Weinviertel
n1562890237,16.6178587,47.576759,Austria,0.263,4.9,1.2,4.84,1.21,4.99,1.2,4.22,1.17,4.51,1.18,5.24,1.23,5.01,1.22,4.44,1.21,5.04,1.18,4.45,1.16,4.54,1.22,4.55,1.2,4.73,1.14,4.69,1.18,5.04,1.2,4.74,1.21,4.19,1.16,4.27,1.16,4.92,1.19,5.25,1.22,4.19,1.2,4.66,1.18,4.43,1.17,4.44,1.19,4.67,1.21,4.71,1.14,4.42,1.16,12.293309093517674,AT,Weinviertel
n7049605853,16.6213918,47.5765185,Austria,0.271,5.08,1.42,5.02,1.43,5.16,1.41,4.48,1.38,4.74,1.4,5.38,1.46,5.18,1.44,4.68,1.43,5.2,1.39,4.68,1.37,4.77,1.44,4.77,1.42,4.93,1.34,4.9,1.4,5.21,1.42,4.94,1.42,4.45,1.38,4.52,1.37,5.1,1.41,5.39,1.44,4.45,1.42,4.87,1.4,4.67,1.39,4.67,1.41,4.88,1.43,4.91,1.34,4.66,1.37,12.467292049438907,AT,Weinviertel
n1562890249,16.614452,47.5815272,Austria,0.255,5.06,1.28,5.0,1.29,5.15,1.28,4.41,1.25,4.68,1.26,5.39,1.31,5.18,1.3,4.62,1.29,5.2,1.26,4.62,1.24,4.72,1.3,4.72,1.28,4.9,1.21,4.86,1.26,5.2,1.28,4.91,1.29,4.37,1.24,4.45,1.23,5.09,1.27,5.41,1.3,4.37,1.28,4.83,1.26,4.61,1.25,4.61,1.27,4.84,1.29,4.88,1.21,4.6,1.23,12.48963186850078,AT,Weinviertel
n1562890243,16.6209361,47.5795985,Austria,0.263,5.25,1.49,5.2,1.5,5.33,1.49,4.66,1.45,4.91,1.47,5.54,1.53,5.35,1.52,4.86,1.5,5.37,1.46,4.86,1.45,4.94,1.51,4.94,1.49,5.11,1.42,5.07,1.47,5.38,1.49,5.12,1.5,4.63,1.45,4.7,1.44,5.27,1.48,5.56,1.52,4.63,1.49,5.04,1.47,4.84,1.46,4.85,1.48,5.06,1.5,5.09,1.41,4.83,1.44,12.678782303070614,AT,Weinviertel
n1562890263,16.6208928,47.5830574,Austria,0.272,5.36,1.5,5.31,1.51,5.44,1.49,4.77,1.46,5.02,1.47,5.67,1.54,5.47,1.52,4.96,1.51,5.49,1.47,4.96,1.45,5.05,1.52,5.05,1.49,5.22,1.42,5.18,1.47,5.49,1.49,5.23,1.5,4.73,1.45,4.8,1.44,5.39,1.49,5.68,1.52,4.73,1.5,5.15,1.48,4.95,1.46,4.96,1.48,5.17,1.5,5.2,1.42,4.94,1.44,12.947717554070795,AT,Weinviertel
n1562890259,16.6253312,47.5828849,Austria,0.248,5.6,1.7,5.55,1.71,5.68,1.7,5.05,1.66,5.29,1.68,5.88,1.75,5.7,1.73,5.23,1.71,5.72,1.67,5.23,1.65,5.32,1.72,5.32,1.69,5.47,1.61,5.44,1.67,5.72,1.7,5.48,1.71,5.02,1.65,5.08,1.64,5.63,1.69,5.89,1.73,5.02,1.7,5.41,1.68,5.22,1.66,5.23,1.68,5.42,1.71,5.45,1.61,5.21,1.64,13.16993857243922,AT,Weinviertel
n1562890247,16.6288079,47.5811338,Austria,0.257,5.44,1.58,5.39,1.59,5.52,1.57,4.86,1.54,5.11,1.55,5.73,1.62,5.54,1.6,5.06,1.59,5.56,1.55,5.06,1.53,5.14,1.6,5.14,1.57,5.3,1.49,5.27,1.55,5.57,1.57,5.31,1.59,4.83,1.53,4.9,1.52,5.47,1.57,5.74,1.6,4.83,1.58,5.24,1.56,5.04,1.54,5.05,1.56,5.25,1.58,5.28,1.49,5.03,1.52,13.224129689289041,AT,Weinviertel
n4387582493,16.6642223,47.5613969,Austria,0.227,6.19,1.91,6.14,1.92,6.26,1.9,5.64,1.86,5.88,1.88,6.46,1.96,6.28,1.94,5.82,1.92,6.3,1.87,5.82,1.85,5.9,1.93,5.9,1.9,6.05,1.81,6.02,1.88,6.3,1.9,6.06,1.91,5.61,1.85,5.67,1.84,6.21,1.89,6.47,1.94,5.61,1.91,6.0,1.88,5.81,1.86,5.81,1.89,6.01,1.92,6.04,1.8,5.8,1.84,14.093469659685464,AT,Weinviertel
n4387582388,16.6687458,47.5562122,Austria,0.22,5.93,1.51,5.87,1.52,6.01,1.5,5.27,1.47,5.55,1.49,6.25,1.55,6.04,1.54,5.49,1.52,6.06,1.48,5.49,1.46,5.58,1.53,5.59,1.51,5.77,1.43,5.73,1.49,6.07,1.51,5.78,1.52,5.23,1.46,5.31,1.46,5.95,1.5,6.27,1.54,5.23,1.51,5.7,1.49,5.47,1.48,5.48,1.5,5.71,1.52,5.75,1.43,5.46,1.46,14.12771600271662,AT,Weinviertel
n4387582494,16.6677742,47.5632608,Austria,0.228,5.48,1.49,5.43,1.5,5.56,1.48,4.87,1.45,5.13,1.47,5.79,1.53,5.59,1.51,5.07,1.5,5.61,1.46,5.07,1.44,5.16,1.51,5.16,1.49,5.34,1.41,5.29,1.47,5.62,1.49,5.34,1.49,4.83,1.44,4.9,1.43,5.51,1.48,5.8,1.51,4.83,1.49,5.27,1.47,5.06,1.46,5.06,1.48,5.28,1.49,5.32,1.41,5.05,1.44,14.427059938883032,AT,Weinviertel
n4387582386,16.6746966,47.5546597,Austria,0.215,6.15,1.68,6.1,1.68,6.23,1.67,5.54,1.63,5.8,1.65,6.46,1.72,6.26,1.7,5.74,1.69,6.28,1.64,5.74,1.62,5.83,1.7,5.84,1.67,6.01,1.58,5.97,1.65,6.29,1.67,6.01,1.68,5.5,1.62,5.57,1.61,6.18,1.66,6.47,1.7,5.5,1.67,5.94,1.65,5.73,1.64,5.73,1.66,5.95,1.68,5.98,1.58,5.72,1.61,14.456503537387855,AT,Weinviertel
n4387582489,16.6726262,47.559104,Austria,0.221,6.32,1.99,6.27,2.0,6.39,1.98,5.78,1.94,6.01,1.96,6.58,2.05,6.41,2.02,5.96,2.01,6.43,1.95,5.96,1.93,6.04,2.02,6.04,1.99,6.19,1.88,6.15,1.96,6.43,1.99,6.2,2.0,5.75,1.93,5.81,1.92,6.34,1.98,6.59,2.02,5.75,1.99,6.13,1.96,5.95,1.95,5.95,1.97,6.14,2.0,6.17,1.88,5.94,1.92,14.531819170134089,AT,Weinviertel
n4387582491,16.6766598,47.5598684,Austria,0.222,6.11,1.9,6.06,1.91,6.18,1.89,5.57,1.85,5.8,1.87,6.38,1.95,6.2,1.93,5.75,1.91,6.22,1.86,5.75,1.84,5.83,1.92,5.83,1.89,5.98,1.8,5.95,1.87,6.23,1.89,5.99,1.9,5.54,1.84,5.6,1.83,6.13,1.88,6.39,1.93,5.53,1.9,5.92,1.87,5.73,1.85,5.74,1.88,5.93,1.91,5.96,1.8,5.73,1.83,14.840401124087837,AT,Weinviertel
n4387582387,16.6815006,47.5556738,Austria,0.222,6.3,1.72,6.25,1.73,6.38,1.71,5.69,1.67,5.95,1.69,6.61,1.76,6.41,1.75,5.89,1.73,6.43,1.68,5.89,1.66,5.98,1.74,5.98,1.71,6.15,1.63,6.12,1.69,6.44,1.71,6.16,1.72,5.65,1.66,5.72,1.66,6.33,1.7,6.62,1.75,5.65,1.72,6.09,1.69,5.88,1.68,5.88,1.7,6.1,1.72,6.13,1.62,5.87,1.66,14.967736623068745,AT,Weinviertel
n4387582492,16.6828009,47.5599771,Austria,0.229,6.19,1.9,6.14,1.91,6.26,1.89,5.64,1.85,5.88,1.87,6.46,1.95,6.28,1.93,5.82,1.91,6.3,1.86,5.82,1.84,5.91,1.93,5.91,1.89,6.05,1.8,6.02,1.87,6.31,1.89,6.07,1.9,5.61,1.84,5.68,1.83,6.21,1.89,6.47,1.93,5.61,1.9,6.0,1.87,5.81,1.86,5.82,1.88,6.01,1.91,6.04,1.8,5.8,1.83,15.259147956805279,AT,Weinviertel
n4387582490,16.6873166,47.5595472,Austria,0.223,6.14,1.92,6.09,1.93,6.21,1.91,5.6,1.87,5.83,1.89,6.41,1.97,6.23,1.95,5.78,1.93,6.25,1.88,5.78,1.86,5.86,1.94,5.86,1.91,6.01,1.81,5.98,1.89,6.25,1.91,6.02,1.92,5.57,1.86,5.63,1.85,6.16,1.9,6.42,1.95,5.56,1.92,5.95,1.89,5.77,1.87,5.77,1.9,5.96,1.92,5.99,1.81,5.76,1.85,15.544422825761602,AT,Weinviertel
n3137079401,16.204233,47.6087799,Austria,0.182,6.26,2.0,6.21,2.01,6.32,1.99,5.73,1.95,5.95,1.97,6.52,2.05,6.35,2.03,6.01,2.0,6.36,1.96,6.12,1.95,6.12,2.06,5.98,1.99,6.1,1.92,6.1,1.97,6.37,1.99,6.13,2.01,5.7,1.94,5.76,1.93,6.28,1.99,6.53,2.03,5.78,1.97,6.07,1.97,6.01,1.95,6.11,2.01,6.08,2.01,6.08,1.92,5.88,1.93,25.27755326018313,AT,Weinviertel
n3137079406,16.2043363,47.608998,Austria,0.182,6.29,2.01,6.24,2.02,6.36,2.0,5.76,1.96,5.99,1.98,6.55,2.06,6.38,2.04,6.05,2.0,6.39,1.97,6.15,1.96,6.16,2.06,6.02,2.0,6.14,1.93,6.13,1.98,6.4,2.0,6.17,2.01,5.73,1.95,5.79,1.94,6.31,1.99,6.56,2.04,5.82,1.98,6.11,1.98,6.04,1.96,6.14,2.01,6.12,2.02,6.12,1.93,5.92,1.94,25.28232300491026,AT,Weinviertel
n3137079403,16.2039703,47.6088084,Austria,0.182,6.28,2.01,6.23,2.02,6.35,2.0,5.75,1.96,5.98,1.98,6.54,2.07,6.37,2.04,6.04,2.01,6.38,1.97,6.14,1.96,6.14,2.07,6.0,2.0,6.13,1.93,6.12,1.98,6.39,2.0,6.16,2.02,5.72,1.95,5.78,1.94,6.3,2.0,6.55,2.04,5.81,1.98,6.09,1.98,6.03,1.96,6.13,2.02,6.1,2.02,6.11,1.93,5.91,1.94,25.296375803244224,AT,Weinviertel
n3137079407,16.2040563,47.6090365,Austria,0.182,6.26,2.01,6.21,2.02,6.33,2.0,5.73,1.96,5.96,1.98,6.52,2.07,6.35,2.04,6.02,2.01,6.37,1.97,6.13,1.96,6.13,2.07,5.99,2.0,6.11,1.93,6.1,1.98,6.37,2.01,6.14,2.02,5.7,1.95,5.77,1.94,6.28,2.0,6.53,2.04,5.79,1.99,6.08,1.98,6.02,1.96,6.12,2.02,6.09,2.02,6.09,1.93,5.89,1.94,25.302809390528864,AT,Weinviertel
n441249803,16.2035848,47.6086579,Austria,0.182,6.29,2.01,6.25,2.02,6.36,2.0,5.76,1.96,5.99,1.98,6.56,2.06,6.38,2.04,6.05,2.01,6.4,1.97,6.16,1.96,6.16,2.07,6.02,2.0,6.14,1.93,6.13,1.98,6.41,2.01,6.17,2.02,5.73,1.95,5.8,1.94,6.32,2.0,6.56,2.04,5.82,1.98,6.11,1.98,6.05,1.96,6.15,2.02,6.12,2.02,6.12,1.93,5.92,1.94,25.313821924732142,AT,Weinviertel
n3137079408,16.2034828,47.6090428,Austria,0.182,6.26,2.01,6.21,2.02,6.33,2.0,5.73,1.95,5.96,1.97,6.52,2.06,6.35,2.04,6.02,2.0,6.36,1.96,6.12,1.96,6.12,2.06,5.99,2.0,6.11,1.92,6.1,1.97,6.37,2.0,6.14,2.01,5.7,1.94,5.76,1.93,6.28,1.99,6.53,2.04,5.79,1.98,6.08,1.98,6.01,1.96,6.11,2.01,6.09,2.01,6.09,1.93,5.89,1.93,25.340927017436453,AT,Weinviertel
n4421966127,16.2031973,47.608931,Austria,0.182,6.28,2.01,6.24,2.02,6.35,2.0,5.75,1.96,5.98,1.98,6.55,2.06,6.37,2.04,6.04,2.0,6.39,1.97,6.15,1.96,6.15,2.07,6.01,2.0,6.13,1.93,6.12,1.98,6.4,2.0,6.16,2.01,5.72,1.95,5.78,1.94,6.3,1.99,6.55,2.04,5.81,1.98,6.1,1.98,6.04,1.96,6.14,2.01,6.11,2.02,6.11,1.93,5.91,1.94,25.353821908938194,AT,Weinviertel
n3137079409,16.2032613,47.6090749,Austria,0.182,6.28,2.01,6.24,2.02,6.35,2.0,5.75,1.96,5.98,1.98,6.54,2.06,6.37,2.04,6.04,2.0,6.39,1.97,6.15,1.96,6.15,2.07,6.01,2.0,6.13,1.93,6.12,1.98,6.39,2.0,6.17,2.02,5.72,1.95,5.78,1.94,6.3,1.99,6.55,2.04,5.81,1.98,6.1,1.98,6.03,1.96,6.14,2.02,6.11,2.02,6.11,1.93,5.91,1.94,25.357225351051486,AT,Weinviertel
n3137079410,16.2030411,47.6091051,Austria,0.182,6.26,2.01,6.21,2.02,6.33,2.0,5.73,1.96,5.96,1.98,6.52,2.06,6.35,2.04,6.02,2.0,6.37,1.97,6.13,1.96,6.13,2.06,5.99,2.0,6.11,1.93,6.1,1.98,6.37,2.0,6.14,2.01,5.7,1.95,5.77,1.94,6.28,1.99,6.53,2.04,5.79,1.98,6.08,1.98,6.01,1.96,6.12,2.01,6.09,2.02,6.09,1.93,5.89,1.94,25.373338244525343,AT,Weinviertel
n3137079405,16.202844,47.6089787,Austria,0.182,6.3,2.01,6.25,2.02,6.36,2.0,5.76,1.95,5.99,1.98,6.56,2.06,6.39,2.04,6.06,2.0,6.4,1.97,6.16,1.96,6.16,2.07,6.02,2.0,6.14,1.93,6.14,1.98,6.41,2.0,6.18,2.01,5.73,1.94,5.8,1.94,6.32,1.99,6.57,2.04,5.82,1.98,6.11,1.98,6.05,1.96,6.15,2.01,6.12,2.01,6.12,1.93,5.92,1.93,25.379639948800268,AT,Weinviertel
n4421966128,16.2028503,47.6091465,Austria,0.182,6.28,2.01,6.23,2.02,6.34,2.0,5.75,1.95,5.97,1.98,6.54,2.06,6.37,2.04,6.04,2.0,6.38,1.97,6.14,1.96,6.14,2.06,6.0,2.0,6.12,1.93,6.12,1.98,6.39,2.0,6.16,2.01,5.72,1.95,5.78,1.94,6.3,1.99,6.55,2.04,5.81,1.98,6.09,1.98,6.03,1.96,6.13,2.01,6.1,2.02,6.1,1.93,5.9,1.93,25.38810738200531,AT,Weinviertel
n4770111236,16.5273833,47.7388607,Austria,0.235,5.26,1.19,5.2,1.2,5.36,1.19,4.53,1.16,4.84,1.17,5.64,1.23,5.39,1.21,4.72,1.21,5.45,1.19,4.77,1.15,5.05,1.22,4.88,1.19,5.08,1.13,5.04,1.17,5.42,1.19,5.09,1.2,4.5,1.16,4.58,1.15,5.29,1.18,5.65,1.21,4.43,1.19,5.17,1.19,4.76,1.17,4.95,1.18,5.02,1.2,5.06,1.13,4.75,1.15,26.639315407660803,AT,Weinviertel
n4770111246,16.5335755,47.7389484,Austria,0.229,6.13,1.6,6.07,1.61,6.22,1.59,5.49,1.55,5.76,1.57,6.45,1.64,6.24,1.62,5.65,1.62,6.3,1.6,5.7,1.55,5.94,1.63,5.8,1.59,5.97,1.51,5.94,1.57,6.27,1.59,5.99,1.6,5.45,1.55,5.53,1.54,6.16,1.59,6.47,1.62,5.4,1.6,6.05,1.59,5.69,1.56,5.86,1.59,5.92,1.6,5.95,1.51,5.68,1.54,26.688793884268772,AT,Weinviertel
n4770111239,16.5237856,47.742285,Austria,0.228,5.82,1.48,5.76,1.48,5.91,1.47,5.16,1.44,5.44,1.45,6.16,1.51,5.93,1.5,5.33,1.5,5.99,1.47,5.38,1.43,5.63,1.51,5.48,1.47,5.66,1.4,5.62,1.45,5.96,1.47,5.67,1.48,5.13,1.43,5.2,1.42,5.85,1.46,6.16,1.5,5.07,1.47,5.74,1.47,5.37,1.44,5.55,1.47,5.6,1.48,5.64,1.39,5.36,1.42,26.999816648650917,AT,Weinviertel
n4770111242,16.5290317,47.7420562,Austria,0.222,5.36,1.27,5.3,1.27,5.46,1.26,4.66,1.23,4.96,1.25,5.72,1.3,5.49,1.29,4.84,1.29,5.55,1.26,4.89,1.22,5.16,1.29,5.0,1.26,5.19,1.2,5.15,1.24,5.52,1.26,5.2,1.27,4.63,1.23,4.7,1.22,5.39,1.26,5.74,1.29,4.57,1.26,5.27,1.26,4.88,1.24,5.07,1.26,5.13,1.27,5.17,1.2,4.87,1.22,27.00326649075652,AT,Weinviertel
n4770111254,16.5257976,47.7451177,Austria,0.223,5.33,1.23,5.26,1.23,5.43,1.22,4.61,1.19,4.92,1.21,5.7,1.26,5.46,1.24,4.79,1.25,5.52,1.22,4.85,1.19,5.12,1.25,4.96,1.22,5.16,1.16,5.11,1.21,5.49,1.22,5.16,1.23,4.57,1.19,4.65,1.18,5.36,1.22,5.71,1.24,4.51,1.22,5.24,1.22,4.83,1.2,5.02,1.21,5.09,1.23,5.13,1.16,4.82,1.18,27.324372113595697,AT,Weinviertel
n4770111257,16.5212611,47.7455441,Austria,0.215,5.65,1.45,5.59,1.46,5.73,1.45,5.0,1.41,5.28,1.43,5.98,1.49,5.76,1.47,5.2,1.44,5.82,1.45,5.22,1.4,5.46,1.48,5.31,1.45,5.5,1.38,5.45,1.43,5.79,1.45,5.5,1.46,4.96,1.41,5.04,1.4,5.68,1.44,5.99,1.47,4.93,1.4,5.57,1.45,5.2,1.42,5.37,1.44,5.43,1.46,5.48,1.37,5.19,1.4,27.349753452832225,AT,Weinviertel
n4770111248,16.5208156,47.7485673,Austria,0.204,6.38,1.94,6.33,1.95,6.45,1.93,5.82,1.89,6.06,1.91,6.66,1.99,6.48,1.97,6.0,1.92,6.52,1.94,6.01,1.88,6.22,1.98,6.09,1.93,6.25,1.83,6.21,1.91,6.5,1.93,6.25,1.94,5.79,1.88,5.86,1.87,6.4,1.92,6.66,1.97,5.77,1.88,6.31,1.93,6.0,1.89,6.15,1.93,6.2,1.94,6.23,1.83,5.99,1.87,27.683450153156855,AT,Weinviertel
n4770111247,16.5218802,47.7514588,Austria,0.23,5.63,1.63,5.58,1.63,5.71,1.62,5.05,1.58,5.3,1.6,5.92,1.67,5.73,1.65,5.23,1.61,5.78,1.62,5.24,1.57,5.46,1.66,5.33,1.62,5.5,1.54,5.45,1.6,5.76,1.62,5.5,1.63,5.02,1.57,5.08,1.56,5.65,1.61,5.93,1.65,4.99,1.57,5.56,1.62,5.23,1.59,5.39,1.61,5.44,1.63,5.47,1.53,5.22,1.57,28.00902080275074,AT,Weinviertel
n1225273901,16.4202451,47.7590497,Austria,0.227,5.77,1.79,5.72,1.8,5.84,1.78,5.22,1.74,5.46,1.76,6.04,1.83,5.86,1.81,5.4,1.77,5.91,1.78,5.41,1.73,5.61,1.82,5.49,1.78,5.64,1.69,5.6,1.76,5.89,1.78,5.65,1.79,5.19,1.73,5.26,1.72,5.79,1.77,6.05,1.81,5.17,1.73,5.7,1.78,5.39,1.74,5.54,1.77,5.59,1.79,5.62,1.69,5.39,1.72,29.41853507116822,AT,Weinviertel
n6218810986,16.4073697,47.7590608,Austria,0.238,5.62,1.68,5.57,1.69,5.69,1.67,5.06,1.63,5.3,1.65,5.9,1.72,5.72,1.7,5.23,1.66,5.77,1.67,5.25,1.62,5.46,1.71,5.33,1.67,5.48,1.59,5.45,1.65,5.74,1.67,5.49,1.68,5.03,1.62,5.09,1.62,5.64,1.66,5.91,1.7,5.0,1.62,5.55,1.67,5.23,1.64,5.38,1.66,5.44,1.68,5.47,1.59,5.22,1.62,29.63081188250188,AT,Weinviertel
n1225305558,16.4124229,47.7606706,Austria,0.233,5.58,1.69,5.53,1.7,5.66,1.68,5.03,1.64,5.26,1.66,5.86,1.73,5.68,1.72,5.2,1.68,5.73,1.69,5.21,1.63,5.42,1.73,5.3,1.68,5.45,1.6,5.41,1.66,5.7,1.68,5.46,1.69,5.0,1.64,5.06,1.63,5.61,1.68,5.87,1.72,4.97,1.64,5.51,1.69,5.2,1.65,5.35,1.67,5.4,1.69,5.43,1.6,5.19,1.63,29.71893156750531,AT,Weinviertel
n1225305811,16.4158336,47.7626006,Austria,0.234,5.85,1.78,5.8,1.79,5.92,1.77,5.29,1.73,5.53,1.75,6.13,1.83,5.94,1.81,5.47,1.76,5.99,1.78,5.48,1.72,5.69,1.82,5.56,1.77,5.72,1.68,5.68,1.75,5.97,1.77,5.73,1.78,5.26,1.72,5.33,1.71,5.87,1.77,6.13,1.81,5.24,1.72,5.78,1.78,5.47,1.74,5.62,1.76,5.67,1.78,5.7,1.68,5.46,1.71,29.87325037877693,AT,Weinviertel
n1225305645,16.4062921,47.7618662,Austria,0.225,5.74,1.8,5.69,1.81,5.81,1.79,5.2,1.75,5.43,1.77,6.0,1.85,5.83,1.83,5.37,1.79,5.88,1.8,5.38,1.74,5.58,1.84,5.46,1.8,5.61,1.71,5.58,1.77,5.86,1.8,5.62,1.81,5.17,1.74,5.24,1.74,5.76,1.79,6.02,1.83,5.15,1.75,5.67,1.8,5.37,1.76,5.51,1.79,5.56,1.81,5.6,1.7,5.36,1.74,29.952951363699704,AT,Weinviertel
n1225305439,16.4189411,47.7647217,Austria,0.227,5.76,1.81,5.72,1.82,5.83,1.8,5.23,1.76,5.46,1.78,6.03,1.85,5.86,1.84,5.4,1.79,5.9,1.8,5.41,1.75,5.61,1.85,5.49,1.8,5.64,1.71,5.6,1.78,5.88,1.8,5.64,1.81,5.2,1.75,5.26,1.74,5.79,1.79,6.04,1.84,5.17,1.75,5.7,1.8,5.39,1.77,5.54,1.79,5.59,1.81,5.62,1.71,5.39,1.74,30.055883742242376,AT,Weinviertel
n1225305665,16.4099874,47.7636942,Austria,0.226,5.47,1.68,5.42,1.69,5.54,1.67,4.92,1.63,5.16,1.65,5.75,1.72,5.57,1.7,5.1,1.66,5.61,1.67,5.11,1.62,5.31,1.71,5.19,1.67,5.34,1.59,5.31,1.65,5.59,1.67,5.35,1.68,4.89,1.62,4.96,1.61,5.5,1.66,5.76,1.7,4.87,1.62,5.4,1.67,5.09,1.64,5.24,1.66,5.29,1.68,5.32,1.59,5.09,1.62,30.087277606076164,AT,Weinviertel
n1225305475,16.4126993,47.7661884,Austria,0.228,5.75,1.78,5.7,1.79,5.82,1.77,5.2,1.73,5.43,1.75,6.01,1.82,5.84,1.81,5.37,1.77,5.89,1.78,5.38,1.72,5.59,1.82,5.46,1.77,5.61,1.68,5.58,1.75,5.86,1.77,5.62,1.79,5.17,1.72,5.23,1.71,5.77,1.77,6.02,1.81,5.14,1.72,5.68,1.78,5.37,1.74,5.52,1.76,5.57,1.79,5.6,1.68,5.36,1.72,30.313088921535957,AT,Weinviertel
n1225305551,16.4151412,47.7686001,Austria,0.227,5.74,1.79,5.69,1.8,5.81,1.78,5.2,1.74,5.43,1.76,6.01,1.84,5.83,1.82,5.37,1.77,5.88,1.79,5.38,1.73,5.58,1.83,5.46,1.78,5.61,1.69,5.57,1.76,5.85,1.78,5.62,1.79,5.17,1.73,5.23,1.72,5.76,1.78,6.02,1.82,5.14,1.73,5.67,1.79,5.37,1.75,5.51,1.77,5.56,1.8,5.59,1.69,5.36,1.72,30.536338908253867,AT,Weinviertel
n5650010158,16.4174876,47.7715653,Austria,0.228,5.34,1.32,5.28,1.32,5.43,1.31,4.67,1.28,4.95,1.29,5.68,1.35,5.45,1.34,4.87,1.3,5.51,1.31,4.89,1.27,5.14,1.34,4.99,1.31,5.17,1.24,5.13,1.29,5.49,1.31,5.18,1.32,4.63,1.27,4.7,1.27,5.37,1.3,5.69,1.34,4.6,1.27,5.25,1.31,4.87,1.28,5.05,1.3,5.11,1.32,5.15,1.24,4.86,1.27,30.823122274675384,AT,Weinviertel
n1600740336,16.3652367,47.8920808,Austria,0.243,5.76,1.76,5.71,1.76,5.83,1.75,5.21,1.71,5.44,1.73,6.04,1.8,5.85,1.78,5.38,1.74,5.9,1.75,5.39,1.7,5.73,1.8,5.47,1.75,5.63,1.66,5.59,1.73,5.88,1.75,5.63,1.76,5.18,1.7,5.24,1.69,5.78,1.74,6.04,1.78,5.15,1.7,5.69,1.75,5.38,1.71,5.66,1.76,5.58,1.76,5.61,1.66,5.37,1.69,44.74886666136905,AT,Weinviertel
n1600740339,16.3695374,47.8957376,Austria,0.244,4.91,1.0,4.84,1.0,5.02,0.99,4.11,0.97,4.45,0.98,5.34,1.02,5.05,1.01,4.36,0.99,5.13,0.99,4.37,0.96,4.88,1.02,4.49,0.99,4.71,0.94,4.66,0.98,5.09,0.99,4.73,1.0,4.07,0.96,4.16,0.96,4.95,0.99,5.35,1.01,4.03,0.96,4.81,0.99,4.35,0.97,4.77,1.0,4.64,1.0,4.69,0.94,4.34,0.96,45.07422500000799,AT,Weinviertel
n1600740342,16.3719544,47.897429,Austria,0.244,5.78,1.76,5.73,1.77,5.85,1.75,5.22,1.72,5.46,1.73,6.05,1.81,5.87,1.79,5.4,1.75,5.92,1.76,5.41,1.71,5.75,1.81,5.49,1.76,5.64,1.67,5.61,1.73,5.89,1.76,5.65,1.77,5.19,1.71,5.26,1.7,5.8,1.75,6.06,1.79,5.17,1.71,5.71,1.76,5.4,1.72,5.68,1.77,5.6,1.77,5.63,1.67,5.39,1.7,45.21914290585903,AT,Weinviertel
n1789940259,9.050628,53.491349,Germany,0.232,7.61,2.14,7.71,2.11,7.53,2.06,7.21,2.14,7.9,2.2,7.55,2.13,7.64,2.14,7.01,2.12,7.55,2.17,8.07,2.15,7.65,2.18,7.7,2.13,7.57,2.15,7.58,2.1,7.56,2.12,7.5,2.08,7.05,2.09,7.82,2.17,7.73,2.14,7.81,2.2,6.83,2.1,7.4,2.14,7.71,2.13,7.44,2.17,7.57,2.21,7.33,2.1,7.51,2.12,3.4843635197610734,DE,Schleswig-Holstein
n1789940182,9.051112,53.489293,Germany,0.237,7.41,1.99,7.52,1.96,7.33,1.91,6.99,1.99,7.72,2.04,7.35,1.97,7.44,1.99,6.78,1.97,7.35,2.01,7.89,2.0,7.45,2.02,7.51,1.98,7.37,2.0,7.39,1.95,7.36,1.96,7.3,1.93,6.83,1.94,7.63,2.01,7.54,1.99,7.62,2.04,6.59,1.95,7.19,1.99,7.52,1.98,7.24,2.01,7.38,2.05,7.12,1.95,7.31,1.97,3.5845372819284314,DE,Schleswig-Holstein
n1789940354,9.054447,53.494137,Germany,0.237,7.36,2.24,7.46,2.21,7.3,2.16,7.0,2.24,7.64,2.3,7.31,2.23,7.39,2.24,6.81,2.22,7.31,2.27,7.79,2.26,7.4,2.28,7.45,2.23,7.33,2.25,7.34,2.2,7.32,2.22,7.27,2.18,6.85,2.19,7.56,2.27,7.48,2.24,7.55,2.3,6.64,2.2,7.17,2.24,7.46,2.23,7.21,2.27,7.33,2.31,7.11,2.2,7.28,2.22,3.659979341144736,DE,Schleswig-Holstein
n1789940297,9.05457,53.492864,Germany,0.226,6.85,1.73,6.96,1.71,6.77,1.67,6.41,1.73,7.18,1.78,6.78,1.72,6.88,1.73,6.19,1.71,6.78,1.75,7.36,1.74,6.89,1.76,6.96,1.72,6.81,1.74,6.82,1.69,6.79,1.71,6.73,1.68,6.23,1.69,7.09,1.75,6.99,1.73,7.07,1.77,5.99,1.69,6.62,1.73,6.96,1.72,6.67,1.75,6.81,1.78,6.54,1.7,6.74,1.71,3.695823362627063,DE,Schleswig-Holstein
n1789940263,9.05474,53.491685,Germany,0.231,7.61,2.15,7.71,2.12,7.54,2.07,7.21,2.15,7.91,2.21,7.55,2.14,7.64,2.15,7.01,2.13,7.55,2.18,8.07,2.16,7.65,2.19,7.71,2.14,7.57,2.16,7.59,2.11,7.56,2.12,7.51,2.09,7.06,2.1,7.83,2.18,7.74,2.15,7.81,2.21,6.83,2.11,7.4,2.15,7.71,2.14,7.45,2.18,7.58,2.22,7.34,2.11,7.52,2.13,3.7371138362816967,DE,Schleswig-Holstein
n1789940244,9.054917,53.490585,Germany,0.231,7.61,2.15,7.71,2.12,7.54,2.08,7.21,2.15,7.9,2.21,7.55,2.14,7.64,2.15,7.01,2.13,7.55,2.19,8.06,2.17,7.65,2.19,7.7,2.14,7.57,2.16,7.59,2.11,7.56,2.13,7.5,2.09,7.05,2.1,7.82,2.18,7.73,2.15,7.81,2.21,6.83,2.11,7.4,2.15,7.71,2.15,7.45,2.18,7.58,2.22,7.33,2.11,7.51,2.13,3.7805330351260378,DE,Schleswig-Holstein
n1789940185,9.055075,53.489448,Germany,0.226,7.51,2.15,7.61,2.12,7.44,2.07,7.11,2.14,7.8,2.2,7.45,2.13,7.54,2.15,6.92,2.13,7.45,2.18,7.96,2.16,7.55,2.18,7.61,2.14,7.47,2.15,7.49,2.1,7.46,2.12,7.41,2.08,6.96,2.09,7.72,2.17,7.64,2.15,7.71,2.2,6.74,2.1,7.31,2.15,7.61,2.14,7.35,2.17,7.48,2.21,7.24,2.11,7.42,2.13,3.8274705038737418,DE,Schleswig-Holstein
n1789940343,9.057427,53.493851,Germany,0.231,7.28,2.25,7.37,2.22,7.21,2.17,6.91,2.25,7.55,2.31,7.22,2.24,7.31,2.25,6.73,2.23,7.22,2.28,7.69,2.26,7.31,2.29,7.37,2.24,7.24,2.26,7.26,2.21,7.23,2.23,7.18,2.18,6.77,2.2,7.47,2.28,7.39,2.25,7.46,2.31,6.57,2.21,7.09,2.25,7.37,2.24,7.13,2.28,7.25,2.32,7.03,2.21,7.19,2.23,3.859621128351894,DE,Schleswig-Holstein
n1789940257,9.057774,53.491189,Germany,0.226,7.25,2.0,7.35,1.97,7.17,1.93,6.84,2.0,7.55,2.05,7.18,1.99,7.28,2.0,6.64,1.98,7.18,2.03,7.72,2.01,7.29,2.03,7.35,1.99,7.21,2.01,7.22,1.96,7.2,1.98,7.14,1.94,6.68,1.95,7.46,2.02,7.38,2.0,7.45,2.05,6.45,1.96,7.04,1.99,7.35,1.99,7.08,2.02,7.21,2.06,6.97,1.96,7.15,1.98,3.9452358468929445,DE,Schleswig-Holstein
n7182345005,8.964961,53.532043,Germany,0.238,7.18,1.89,7.29,1.86,7.1,1.82,6.75,1.89,7.49,1.94,7.11,1.88,7.21,1.89,6.54,1.87,7.11,1.92,7.67,1.9,7.22,1.92,7.28,1.88,7.14,1.9,7.15,1.85,7.12,1.87,7.06,1.83,6.58,1.84,7.41,1.91,7.31,1.89,7.39,1.94,6.35,1.85,6.96,1.89,7.29,1.88,7.0,1.91,7.14,1.95,6.88,1.85,7.08,1.87,4.249942691062039,DE,Schleswig-Holstein
n1100553794,8.998608,53.540008,Germany,0.243,7.53,1.98,7.64,1.95,7.45,1.91,7.1,1.98,7.85,2.03,7.46,1.97,7.56,1.98,6.89,1.96,7.47,2.01,8.02,1.99,7.57,2.01,7.63,1.97,7.49,1.99,7.5,1.94,7.48,1.96,7.42,1.92,6.93,1.93,7.76,2.0,7.66,1.98,7.74,2.03,6.7,1.94,7.31,1.98,7.64,1.97,7.35,2.01,7.49,2.04,7.23,1.94,7.43,1.96,4.449644482668993,DE,Schleswig-Holstein
n8615290061,9.048971,53.472547,Germany,0.242,6.92,1.99,7.02,1.96,6.85,1.92,6.53,1.99,7.21,2.05,6.86,1.98,6.95,1.99,6.33,1.97,6.86,2.02,7.37,2.0,6.96,2.03,7.01,1.98,6.88,2.0,6.9,1.95,6.87,1.97,6.82,1.93,6.37,1.94,7.13,2.02,7.04,1.99,7.11,2.04,6.16,1.95,6.72,1.99,7.02,1.98,6.76,2.02,6.89,2.06,6.65,1.95,6.83,1.97,4.45158093919938,DE,Schleswig-Holstein
n7182344997,8.967641,53.535451,Germany,0.227,7.2,2.25,7.29,2.21,7.14,2.16,6.84,2.24,7.47,2.31,7.15,2.23,7.23,2.25,6.66,2.23,7.15,2.28,7.62,2.26,7.24,2.28,7.29,2.24,7.17,2.25,7.18,2.2,7.16,2.22,7.11,2.18,6.7,2.19,7.4,2.27,7.32,2.25,7.38,2.3,6.5,2.2,7.01,2.25,7.29,2.24,7.05,2.27,7.17,2.32,6.95,2.2,7.12,2.23,4.485097472393564,DE,Schleswig-Holstein
n7182345003,8.958957,53.532991,Germany,0.232,7.09,1.89,7.2,1.87,7.01,1.82,6.67,1.89,7.41,1.94,7.03,1.88,7.12,1.89,6.46,1.88,7.03,1.92,7.58,1.9,7.13,1.93,7.19,1.89,7.05,1.9,7.07,1.85,7.04,1.87,6.98,1.84,6.51,1.85,7.32,1.92,7.22,1.89,7.3,1.94,6.27,1.86,6.88,1.89,7.2,1.89,6.92,1.92,7.06,1.95,6.8,1.86,6.99,1.88,4.562999553906559,DE,Schleswig-Holstein
n1100553911,9.000518,53.541219,Germany,0.226,7.74,2.26,7.84,2.23,7.67,2.18,7.35,2.26,8.03,2.32,7.68,2.24,7.77,2.26,7.16,2.24,7.68,2.29,8.18,2.27,7.78,2.3,7.83,2.25,7.7,2.27,7.72,2.21,7.69,2.23,7.64,2.19,7.2,2.2,7.95,2.29,7.86,2.26,7.93,2.32,6.99,2.21,7.54,2.25,7.84,2.25,7.58,2.29,7.71,2.33,7.47,2.22,7.65,2.24,4.583477939750211,DE,Schleswig-Holstein
n7182345000,8.974853,53.538479,Germany,0.233,7.06,2.15,7.15,2.11,6.99,2.07,6.69,2.14,7.33,2.2,7.0,2.13,7.09,2.14,6.5,2.13,7.0,2.18,7.48,2.16,7.1,2.18,7.15,2.14,7.02,2.15,7.04,2.1,7.01,2.12,6.96,2.08,6.54,2.09,7.26,2.17,7.18,2.14,7.24,2.2,6.34,2.1,6.87,2.14,7.15,2.14,6.91,2.17,7.03,2.21,6.8,2.1,6.97,2.13,4.590313330659693,DE,Schleswig-Holstein
n1100553798,9.00246,53.542437,Germany,0.231,7.85,2.25,7.95,2.22,7.78,2.17,7.45,2.25,8.14,2.31,7.79,2.23,7.88,2.25,7.26,2.23,7.79,2.28,8.3,2.26,7.89,2.29,7.94,2.24,7.81,2.26,7.83,2.2,7.8,2.22,7.75,2.18,7.3,2.19,8.06,2.28,7.97,2.25,8.04,2.31,7.08,2.2,7.64,2.25,7.95,2.24,7.69,2.28,7.82,2.32,7.58,2.21,7.76,2.23,4.721587131348704,DE,Schleswig-Holstein
n7182344999,8.968288,53.53874,Germany,0.244,7.24,2.16,7.34,2.13,7.18,2.08,6.87,2.16,7.52,2.22,7.19,2.15,7.27,2.16,6.68,2.14,7.19,2.19,7.68,2.17,7.28,2.2,7.34,2.15,7.21,2.17,7.22,2.12,7.2,2.14,7.15,2.1,6.72,2.11,7.45,2.19,7.36,2.16,7.43,2.22,6.51,2.12,7.05,2.16,7.34,2.15,7.09,2.19,7.21,2.23,6.98,2.12,7.15,2.14,4.790786764942714,DE,Schleswig-Holstein
n3964917099,9.005487,53.543141,Germany,0.22,7.39,2.17,7.49,2.14,7.32,2.09,7.01,2.17,7.67,2.23,7.33,2.15,7.42,2.17,6.82,2.15,7.33,2.2,7.83,2.18,7.43,2.2,7.48,2.16,7.35,2.18,7.37,2.12,7.34,2.14,7.29,2.1,6.86,2.12,7.6,2.19,7.51,2.17,7.58,2.22,6.64,2.13,7.19,2.17,7.49,2.16,7.23,2.2,7.36,2.24,7.13,2.13,7.3,2.15,4.810761538687179,DE,Schleswig-Holstein
n7182344995,8.961406,53.536764,Germany,0.239,7.16,2.15,7.25,2.12,7.09,2.07,6.78,2.15,7.43,2.21,7.1,2.14,7.19,2.15,6.59,2.13,7.1,2.18,7.59,2.16,7.19,2.18,7.25,2.14,7.12,2.16,7.14,2.11,7.11,2.13,7.06,2.09,6.63,2.1,7.36,2.18,7.28,2.15,7.34,2.21,6.43,2.11,6.96,2.15,7.25,2.14,7.0,2.18,7.13,2.22,6.9,2.11,7.07,2.13,4.818917775776078,DE,Schleswig-Holstein
n9313009507,9.033128,53.540678,Germany,0.229,7.44,2.36,7.53,2.32,7.37,2.27,7.08,2.35,7.7,2.42,7.38,2.34,7.47,2.35,6.9,2.33,7.38,2.39,7.84,2.37,7.48,2.39,7.52,2.34,7.4,2.36,7.42,2.3,7.39,2.33,7.34,2.28,6.94,2.3,7.63,2.38,7.55,2.35,7.61,2.41,6.74,2.31,7.26,2.35,7.53,2.34,7.29,2.38,7.41,2.43,7.19,2.31,7.35,2.33,5.025507726369106,DE,Schleswig-Holstein
n3964917098,9.008754,53.545161,Germany,0.226,7.55,2.19,7.65,2.16,7.48,2.11,7.16,2.18,7.84,2.24,7.49,2.17,7.58,2.19,6.96,2.17,7.49,2.22,7.99,2.2,7.59,2.22,7.64,2.18,7.51,2.2,7.53,2.14,7.5,2.16,7.45,2.12,7.01,2.13,7.76,2.21,7.67,2.19,7.74,2.24,6.79,2.14,7.35,2.18,7.65,2.18,7.39,2.21,7.52,2.26,7.28,2.14,7.46,2.17,5.054915019328726,DE,Schleswig-Holstein
n8606238091,9.014277,53.544681,Germany,0.225,7.54,2.19,7.64,2.16,7.47,2.11,7.16,2.19,7.83,2.25,7.48,2.17,7.57,2.19,6.96,2.17,7.48,2.22,7.99,2.2,7.58,2.22,7.64,2.18,7.5,2.2,7.52,2.14,7.49,2.16,7.44,2.12,7.0,2.13,7.75,2.21,7.66,2.19,7.73,2.24,6.78,2.14,7.34,2.18,7.64,2.18,7.38,2.21,7.51,2.26,7.27,2.14,7.45,2.17,5.057157438004823,DE,Schleswig-Holstein
n8606238094,9.019555,53.545865,Germany,0.225,7.3,2.09,7.4,2.06,7.23,2.01,6.91,2.08,7.59,2.14,7.24,2.07,7.33,2.09,6.71,2.07,7.24,2.12,7.75,2.1,7.34,2.12,7.4,2.08,7.26,2.09,7.28,2.04,7.25,2.06,7.2,2.02,6.75,2.03,7.51,2.11,7.43,2.09,7.5,2.14,6.53,2.04,7.1,2.09,7.4,2.08,7.14,2.11,7.27,2.15,7.03,2.05,7.21,2.07,5.261242734636012,DE,Schleswig-Holstein
n7182344987,8.96288,53.541955,Germany,0.24,7.19,2.17,7.29,2.13,7.12,2.09,6.82,2.17,7.47,2.22,7.13,2.15,7.22,2.17,6.63,2.15,7.13,2.2,7.62,2.18,7.23,2.2,7.28,2.16,7.15,2.17,7.17,2.12,7.14,2.14,7.09,2.1,6.67,2.11,7.39,2.19,7.31,2.17,7.37,2.22,6.46,2.12,7.0,2.17,7.29,2.16,7.04,2.19,7.16,2.24,6.93,2.13,7.1,2.15,5.271230919605207,DE,Schleswig-Holstein
n7182323875,8.952551,53.539201,Germany,0.24,7.19,2.17,7.28,2.14,7.12,2.09,6.81,2.17,7.46,2.23,7.13,2.15,7.21,2.17,6.63,2.15,7.13,2.2,7.61,2.18,7.22,2.2,7.28,2.16,7.15,2.18,7.16,2.12,7.14,2.14,7.09,2.1,6.67,2.11,7.38,2.2,7.3,2.17,7.37,2.23,6.46,2.12,6.99,2.17,7.28,2.16,7.03,2.19,7.16,2.24,6.93,2.13,7.1,2.15,5.370344311324069,DE,Schleswig-Holstein
n8606238089,9.010632,53.548246,Germany,0.232,7.28,2.26,7.38,2.22,7.22,2.17,6.92,2.25,7.55,2.32,7.23,2.24,7.31,2.26,6.74,2.24,7.23,2.29,7.7,2.27,7.32,2.29,7.37,2.25,7.25,2.27,7.26,2.21,7.24,2.23,7.19,2.19,6.78,2.2,7.48,2.29,7.4,2.26,7.46,2.32,6.57,2.21,7.1,2.25,7.38,2.25,7.13,2.28,7.25,2.33,7.03,2.21,7.2,2.24,5.4105587530924515,DE,Schleswig-Holstein
n9313009504,9.036701,53.543559,Germany,0.235,7.52,2.34,7.62,2.3,7.46,2.25,7.16,2.33,7.79,2.4,7.47,2.32,7.55,2.34,6.98,2.32,7.47,2.37,7.94,2.35,7.56,2.38,7.61,2.33,7.49,2.35,7.5,2.29,7.48,2.31,7.43,2.27,7.02,2.28,7.72,2.36,7.64,2.34,7.7,2.4,6.81,2.29,7.34,2.33,7.62,2.33,7.38,2.37,7.49,2.41,7.27,2.29,7.44,2.31,5.417233783317854,DE,Schleswig-Holstein
n9313009495,9.026012,53.546231,Germany,0.23,7.19,2.01,7.29,1.99,7.11,1.94,6.79,2.01,7.49,2.07,7.13,2.0,7.22,2.01,6.59,2.0,7.13,2.04,7.65,2.03,7.23,2.05,7.29,2.0,7.15,2.02,7.16,1.97,7.14,1.99,7.08,1.95,6.63,1.96,7.4,2.04,7.31,2.01,7.39,2.07,6.41,1.97,6.98,2.01,7.29,2.01,7.02,2.04,7.15,2.08,6.91,1.98,7.09,2.0,5.4206243884488305,DE,Schleswig-Holstein
n9313009498,9.03195,53.545812,Germany,0.236,7.35,2.26,7.44,2.23,7.28,2.18,6.98,2.26,7.62,2.32,7.29,2.25,7.37,2.26,6.8,2.24,7.29,2.3,7.76,2.28,7.38,2.3,7.43,2.25,7.31,2.27,7.33,2.22,7.3,2.24,7.25,2.19,6.84,2.21,7.54,2.29,7.46,2.26,7.53,2.32,6.63,2.22,7.16,2.26,7.44,2.25,7.2,2.29,7.32,2.34,7.1,2.22,7.26,2.24,5.514562309708976,DE,Schleswig-Holstein
n7182323873,8.943871,53.53685,Germany,0.24,7.42,2.27,7.52,2.24,7.35,2.19,7.05,2.27,7.69,2.33,7.36,2.26,7.45,2.27,6.87,2.25,7.37,2.3,7.84,2.28,7.46,2.31,7.51,2.26,7.39,2.28,7.4,2.22,7.37,2.24,7.33,2.2,6.91,2.21,7.62,2.3,7.54,2.27,7.6,2.33,6.7,2.22,7.23,2.27,7.52,2.26,7.27,2.3,7.39,2.34,7.17,2.23,7.33,2.25,5.528120646076043,DE,Schleswig-Holstein
n9313009488,9.01629,53.549391,Germany,0.237,7.43,1.97,7.54,1.95,7.35,1.9,7.01,1.97,7.74,2.03,7.36,1.96,7.46,1.97,6.8,1.96,7.37,2.0,7.92,1.99,7.47,2.01,7.53,1.97,7.39,1.98,7.4,1.93,7.38,1.95,7.32,1.91,6.84,1.93,7.66,2.0,7.56,1.97,7.64,2.03,6.61,1.93,7.21,1.97,7.54,1.97,7.26,2.0,7.39,2.04,7.14,1.94,7.33,1.96,5.59660541476716,DE,Schleswig-Holstein
n9254092595,9.054994,53.461574,Germany,0.23,7.38,2.08,7.48,2.05,7.31,2.01,6.98,2.08,7.68,2.14,7.32,2.07,7.41,2.08,6.78,2.06,7.32,2.11,7.84,2.09,7.42,2.12,7.48,2.07,7.34,2.09,7.36,2.04,7.33,2.06,7.27,2.02,6.82,2.03,7.59,2.11,7.5,2.08,7.58,2.14,6.6,2.04,7.17,2.08,7.48,2.07,7.22,2.11,7.35,2.15,7.1,2.04,7.28,2.06,5.612412803036281,DE,Schleswig-Holstein
n7182323877,8.954549,53.542918,Germany,0.252,7.15,2.04,7.25,2.02,7.08,1.97,6.75,2.04,7.44,2.1,7.09,2.03,7.18,2.04,6.56,2.03,7.09,2.07,7.6,2.06,7.19,2.08,7.24,2.04,7.11,2.05,7.12,2.0,7.1,2.02,7.04,1.98,6.6,1.99,7.36,2.07,7.27,2.04,7.34,2.1,6.38,2.0,6.95,2.04,7.25,2.04,6.99,2.07,7.12,2.11,6.88,2.01,7.05,2.03,5.639379492889,DE,Schleswig-Holstein
n7182344985,8.963502,53.546082,Germany,0.252,7.12,2.02,7.22,1.99,7.05,1.94,6.72,2.02,7.42,2.07,7.06,2.0,7.15,2.02,6.52,2.0,7.06,2.05,7.58,2.03,7.16,2.05,7.22,2.01,7.08,2.03,7.1,1.97,7.07,1.99,7.02,1.96,6.57,1.97,7.33,2.04,7.24,2.02,7.32,2.07,6.35,1.98,6.92,2.01,7.22,2.01,6.96,2.04,7.09,2.08,6.85,1.98,7.03,2.0,5.663701046869017,DE,Schleswig-Holstein
n9313009491,9.022756,53.549186,Germany,0.231,7.43,2.11,7.53,2.08,7.36,2.03,7.04,2.11,7.73,2.17,7.37,2.1,7.46,2.11,6.84,2.09,7.37,2.14,7.89,2.12,7.47,2.15,7.53,2.1,7.4,2.12,7.41,2.07,7.38,2.09,7.33,2.05,6.88,2.06,7.65,2.14,7.56,2.11,7.63,2.17,6.66,2.07,7.23,2.11,7.53,2.1,7.27,2.14,7.4,2.18,7.16,2.07,7.34,2.09,5.672330719167872,DE,Schleswig-Holstein
n7182323872,8.938,53.535501,Germany,0.24,7.19,2.17,7.28,2.14,7.12,2.09,6.81,2.17,7.46,2.23,7.13,2.15,7.22,2.17,6.63,2.15,7.13,2.2,7.61,2.18,7.22,2.2,7.28,2.16,7.15,2.18,7.17,2.12,7.14,2.14,7.09,2.1,6.67,2.11,7.39,2.19,7.31,2.17,7.37,2.23,6.46,2.12,6.99,2.17,7.28,2.16,7.03,2.2,7.16,2.24,6.93,2.13,7.1,2.15,5.690802421286106,DE,Schleswig-Holstein
n9254092594,9.060061,53.4631,Germany,0.235,7.5,2.09,7.6,2.06,7.43,2.01,7.1,2.09,7.8,2.14,7.44,2.07,7.53,2.09,6.89,2.07,7.44,2.12,7.96,2.1,7.54,2.12,7.6,2.08,7.46,2.09,7.48,2.04,7.45,2.06,7.39,2.02,6.94,2.03,7.72,2.11,7.63,2.09,7.7,2.14,6.71,2.04,7.29,2.08,7.6,2.08,7.33,2.11,7.47,2.15,7.22,2.05,7.4,2.07,5.712270783736541,DE,Schleswig-Holstein
n1116681782,9.002029,53.551529,Germany,0.238,7.17,2.16,7.26,2.13,7.1,2.08,6.79,2.15,7.44,2.21,7.11,2.14,7.2,2.16,6.61,2.14,7.11,2.19,7.6,2.17,7.21,2.19,7.26,2.15,7.13,2.17,7.15,2.11,7.12,2.13,7.07,2.09,6.65,2.1,7.37,2.18,7.28,2.16,7.35,2.21,6.44,2.11,6.97,2.15,7.26,2.15,7.01,2.18,7.14,2.22,6.91,2.12,7.08,2.14,5.731340767938301,DE,Schleswig-Holstein
n7182323879,8.948739,53.541731,Germany,0.252,7.15,2.06,7.25,2.03,7.08,1.99,6.76,2.06,7.44,2.12,7.09,2.05,7.18,2.06,6.56,2.04,7.09,2.09,7.59,2.07,7.19,2.09,7.24,2.05,7.11,2.07,7.12,2.02,7.1,2.04,7.04,2.0,6.6,2.01,7.36,2.09,7.27,2.06,7.34,2.12,6.39,2.02,6.95,2.06,7.25,2.05,6.99,2.09,7.12,2.13,6.88,2.02,7.06,2.04,5.745972799728356,DE,Schleswig-Holstein
n9313009494,9.029596,53.549062,Germany,0.23,7.36,2.1,7.46,2.07,7.29,2.02,6.97,2.1,7.65,2.16,7.3,2.09,7.39,2.1,6.77,2.08,7.3,2.13,7.81,2.11,7.4,2.14,7.46,2.09,7.32,2.11,7.34,2.06,7.31,2.08,7.26,2.04,6.81,2.05,7.57,2.13,7.49,2.1,7.56,2.16,6.59,2.06,7.16,2.1,7.46,2.09,7.2,2.13,7.33,2.17,7.09,2.06,7.27,2.08,5.795637724085419,DE,Schleswig-Holstein
n9313009501,9.037495,53.547259,Germany,0.236,7.55,2.35,7.65,2.32,7.49,2.27,7.19,2.35,7.82,2.42,7.5,2.34,7.58,2.35,7.01,2.33,7.5,2.39,7.97,2.36,7.59,2.39,7.64,2.34,7.52,2.36,7.53,2.3,7.51,2.33,7.46,2.28,7.05,2.29,7.75,2.38,7.67,2.35,7.73,2.41,6.84,2.3,7.37,2.35,7.65,2.34,7.4,2.38,7.52,2.43,7.3,2.31,7.47,2.33,5.810171142344539,DE,Schleswig-Holstein
n1116681938,8.999886,53.553127,Germany,0.233,7.3,2.27,7.39,2.24,7.23,2.19,6.94,2.27,7.57,2.33,7.24,2.26,7.33,2.27,6.76,2.25,7.24,2.31,7.71,2.28,7.34,2.31,7.39,2.26,7.27,2.28,7.28,2.22,7.25,2.24,7.2,2.2,6.79,2.22,7.5,2.3,7.41,2.27,7.48,2.33,6.59,2.23,7.12,2.27,7.39,2.26,7.15,2.3,7.27,2.34,7.05,2.23,7.22,2.25,5.907465833529228,DE,Schleswig-Holstein
n7182323870,8.938572,53.538755,Germany,0.246,7.02,2.03,7.12,2.0,6.95,1.96,6.63,2.03,7.31,2.09,6.96,2.02,7.05,2.03,6.44,2.02,6.96,2.06,7.47,2.04,7.06,2.07,7.12,2.02,6.98,2.04,7.0,1.99,6.97,2.01,6.92,1.97,6.48,1.98,7.23,2.06,7.14,2.03,7.22,2.09,6.27,1.99,6.82,2.03,7.12,2.02,6.86,2.06,6.99,2.1,6.75,1.99,6.93,2.01,5.921397836526971,DE,Schleswig-Holstein
n9254092597,9.04927,53.455535,Germany,0.224,7.27,2.09,7.37,2.06,7.2,2.01,6.88,2.08,7.57,2.14,7.21,2.07,7.31,2.08,6.69,2.07,7.21,2.12,7.72,2.1,7.31,2.12,7.37,2.08,7.24,2.09,7.25,2.04,7.22,2.06,7.17,2.02,6.73,2.03,7.49,2.11,7.4,2.09,7.47,2.14,6.51,2.04,7.07,2.08,7.37,2.08,7.11,2.11,7.24,2.15,7.0,2.05,7.18,2.07,5.922568037327019,DE,Schleswig-Holstein
n7182323883,8.953395,53.545765,Germany,0.252,7.13,2.05,7.24,2.02,7.06,1.98,6.74,2.05,7.43,2.11,7.07,2.04,7.17,2.05,6.55,2.03,7.08,2.08,7.58,2.06,7.17,2.08,7.23,2.04,7.1,2.06,7.11,2.01,7.09,2.03,7.03,1.99,6.59,2.0,7.35,2.07,7.26,2.05,7.33,2.1,6.37,2.01,6.93,2.05,7.24,2.04,6.97,2.08,7.1,2.12,6.87,2.01,7.04,2.03,5.9487798927399265,DE,Schleswig-Holstein
n2389806654,9.065978,53.462912,Germany,0.229,7.58,2.16,7.68,2.13,7.51,2.08,7.18,2.16,7.87,2.22,7.52,2.15,7.61,2.16,6.99,2.14,7.52,2.19,8.03,2.18,7.62,2.2,7.67,2.15,7.54,2.17,7.56,2.12,7.53,2.14,7.47,2.1,7.03,2.11,7.79,2.19,7.7,2.16,7.77,2.22,6.81,2.12,7.38,2.16,7.68,2.15,7.42,2.19,7.55,2.23,7.31,2.12,7.49,2.14,6.00561928784648,DE,Schleswig-Holstein
n7182323884,8.957453,53.548141,Germany,0.252,7.06,1.96,7.17,1.94,6.99,1.89,6.66,1.96,7.36,2.02,7.0,1.95,7.09,1.96,6.46,1.95,7.0,1.99,7.53,1.97,7.1,2.0,7.16,1.95,7.02,1.97,7.04,1.92,7.01,1.94,6.96,1.9,6.5,1.92,7.28,1.99,7.19,1.96,7.26,2.02,6.28,1.92,6.86,1.96,7.17,1.96,6.9,1.99,7.03,2.03,6.78,1.93,6.97,1.95,6.046926599476831,DE,Schleswig-Holstein
n9254092591,9.071346,53.465109,Germany,0.219,7.82,2.32,7.92,2.29,7.75,2.24,7.44,2.32,8.1,2.38,7.76,2.31,7.85,2.32,7.25,2.3,7.76,2.35,8.26,2.33,7.86,2.36,7.91,2.31,7.78,2.33,7.8,2.27,7.77,2.29,7.72,2.25,7.29,2.26,8.02,2.35,7.94,2.32,8.01,2.38,7.08,2.27,7.63,2.32,7.92,2.31,7.67,2.35,7.79,2.4,7.56,2.28,7.73,2.3,6.1105381844916264,DE,Schleswig-Holstein
n9254092596,9.060443,53.45805,Germany,0.229,7.37,2.1,7.47,2.07,7.3,2.03,6.98,2.1,7.67,2.16,7.31,2.09,7.4,2.1,6.78,2.08,7.31,2.13,7.83,2.12,7.41,2.14,7.47,2.09,7.33,2.11,7.35,2.06,7.32,2.08,7.27,2.04,6.82,2.05,7.58,2.13,7.5,2.1,7.57,2.16,6.6,2.06,7.17,2.1,7.47,2.09,7.21,2.13,7.34,2.17,7.1,2.06,7.28,2.08,6.144662982723894,DE,Schleswig-Holstein
n6574130931,-99.536653,41.484512,United States,0.18,9.02,2.37,8.94,2.34,9.02,2.33,9.08,2.38,8.98,2.27,8.83,2.34,8.68,2.31,8.41,2.29,9.04,2.41,8.63,2.25,8.98,2.38,8.64,2.35,8.88,2.31,9.03,2.39,8.87,2.27,9.14,2.3,9.05,2.37,8.92,2.3,8.68,2.33,8.83,2.3,8.42,2.34,9.58,2.42,8.59,2.24,9.06,2.45,8.24,2.29,8.82,2.28,8.82,2.34,3.5051006334763755,US,Nebraska
n6574130908,-99.546331,41.493224,United States,0.189,8.84,2.26,8.75,2.24,8.83,2.22,8.9,2.27,8.79,2.16,8.65,2.24,8.48,2.2,8.21,2.19,8.86,2.29,8.44,2.15,8.79,2.27,8.45,2.24,8.69,2.2,8.84,2.28,8.69,2.16,8.96,2.2,8.87,2.27,8.73,2.19,8.49,2.22,8.63,2.19,8.22,2.23,9.41,2.31,8.39,2.13,8.87,2.34,8.04,2.19,8.63,2.18,8.63,2.23,3.9315299254349294,US,Nebraska
n6574130909,-99.550761,41.491756,United States,0.189,8.66,1.95,8.56,1.93,8.65,1.92,8.73,1.96,8.6,1.87,8.44,1.93,8.26,1.9,7.95,1.89,8.69,1.98,8.21,1.86,8.6,1.96,8.22,1.94,8.48,1.9,8.67,1.97,8.49,1.87,8.79,1.9,8.69,1.96,8.54,1.89,8.26,1.92,8.43,1.89,7.97,1.92,9.31,1.99,8.16,1.84,8.7,2.02,7.76,1.89,8.42,1.88,8.43,1.93,4.325897554197851,US,Nebraska
n6559591671,-99.536379,41.528728,United States,0.2,8.73,2.33,8.64,2.3,8.72,2.29,8.79,2.34,8.68,2.22,8.54,2.31,8.39,2.27,8.12,2.25,8.75,2.36,8.34,2.22,8.68,2.34,8.35,2.31,8.67,2.27,8.73,2.35,8.58,2.23,8.84,2.26,8.75,2.33,8.63,2.26,8.39,2.29,8.53,2.26,8.14,2.3,9.27,2.38,8.3,2.2,8.76,2.41,7.96,2.25,8.58,2.21,8.53,2.3,4.402155920655626,US,Nebraska
n6559535217,-99.55288,41.504724,United States,0.162,9.5,2.64,9.42,2.61,9.49,2.59,9.56,2.65,9.45,2.52,9.32,2.61,9.17,2.57,8.91,2.55,9.52,2.68,9.13,2.51,9.45,2.65,9.14,2.62,9.44,2.57,9.5,2.66,9.36,2.52,9.61,2.56,9.52,2.64,9.4,2.56,9.17,2.59,9.31,2.56,8.93,2.6,10.02,2.69,9.09,2.49,9.53,2.73,8.75,2.55,9.36,2.51,9.31,2.61,4.434913963922937,US,Nebraska
n6574130941,-99.499384,41.540872,United States,0.191,8.85,2.25,8.76,2.22,8.84,2.2,8.91,2.26,8.8,2.14,8.65,2.22,8.49,2.19,8.21,2.17,8.87,2.28,8.44,2.13,8.8,2.26,8.46,2.22,8.79,2.19,8.85,2.26,8.69,2.15,8.97,2.18,8.88,2.25,8.74,2.18,8.49,2.2,8.65,2.18,8.23,2.21,9.42,2.29,8.4,2.12,8.88,2.32,8.04,2.17,8.7,2.13,8.64,2.22,4.545054663863808,US,Nebraska
n6559591661,-99.541692,41.528332,United States,0.183,9.15,2.55,9.07,2.52,9.14,2.5,9.21,2.57,9.1,2.44,8.97,2.53,8.82,2.48,8.57,2.47,9.17,2.59,8.78,2.43,9.1,2.57,8.79,2.53,9.1,2.49,9.15,2.58,9.01,2.44,9.26,2.48,9.17,2.56,9.05,2.47,8.83,2.51,8.96,2.48,8.58,2.52,9.67,2.61,8.74,2.41,9.18,2.64,8.41,2.47,9.01,2.42,8.96,2.52,4.68777283849249,US,Nebraska
n6574130944,-99.513286,41.5425,United States,0.187,9.01,2.31,8.92,2.29,9.01,2.27,9.07,2.32,8.96,2.21,8.82,2.29,8.65,2.25,8.38,2.24,9.03,2.35,8.61,2.2,8.96,2.32,8.62,2.29,8.95,2.26,9.02,2.33,8.86,2.21,9.13,2.25,9.04,2.32,8.91,2.24,8.66,2.27,8.81,2.24,8.4,2.28,9.58,2.36,8.57,2.18,9.04,2.39,8.21,2.24,8.86,2.2,8.81,2.28,4.853509161624245,US,Nebraska
n6574130945,-99.518157,41.541922,United States,0.199,8.67,2.33,8.58,2.3,8.66,2.28,8.72,2.34,8.61,2.22,8.48,2.3,8.32,2.26,8.06,2.25,8.69,2.36,8.28,2.21,8.62,2.33,8.29,2.3,8.61,2.27,8.67,2.35,8.52,2.22,8.77,2.26,8.69,2.33,8.56,2.25,8.33,2.28,8.47,2.25,8.08,2.29,9.21,2.37,8.24,2.19,8.7,2.4,7.9,2.25,8.52,2.21,8.47,2.3,4.900488930997996,US,Nebraska
n6559591666,-99.553524,41.518575,United States,0.174,8.29,2.14,8.2,2.12,8.29,2.1,8.35,2.15,8.24,2.05,8.1,2.12,7.94,2.09,7.67,2.07,8.31,2.17,7.89,2.04,8.24,2.15,7.91,2.12,8.23,2.09,8.3,2.16,8.14,2.05,8.41,2.08,8.32,2.15,8.19,2.08,7.94,2.1,8.09,2.08,7.68,2.11,8.86,2.19,7.85,2.02,8.32,2.22,7.5,2.07,8.14,2.03,8.09,2.12,4.91218745541059,US,Nebraska
n6574130940,-99.501611,41.54468,United States,0.179,9.19,2.45,9.11,2.42,9.19,2.4,9.25,2.46,9.14,2.34,9.01,2.42,8.85,2.39,8.59,2.37,9.21,2.49,8.81,2.33,9.14,2.46,8.82,2.43,9.14,2.39,9.2,2.47,9.04,2.34,9.3,2.38,9.22,2.45,9.09,2.37,8.86,2.41,9.0,2.38,8.6,2.41,9.74,2.5,8.76,2.31,9.22,2.53,8.42,2.37,9.05,2.32,9.0,2.42,4.970006135997826,US,Nebraska
n6574130942,-99.508596,41.544692,United States,0.175,8.94,2.55,8.86,2.52,8.94,2.5,8.99,2.57,8.89,2.44,8.77,2.53,8.62,2.49,8.37,2.47,8.96,2.59,8.58,2.43,8.89,2.57,8.59,2.53,8.89,2.49,8.94,2.57,8.8,2.44,9.05,2.48,8.96,2.56,8.85,2.47,8.62,2.51,8.76,2.48,8.39,2.52,9.45,2.61,8.54,2.41,8.97,2.64,8.22,2.47,8.81,2.42,8.76,2.52,5.020792674260198,US,Nebraska
n6559535203,-99.562301,41.509884,United States,0.17,9.31,2.33,9.22,2.31,9.31,2.29,9.38,2.34,9.26,2.23,9.11,2.31,8.95,2.27,8.67,2.25,9.34,2.37,8.9,2.22,9.26,2.34,8.92,2.31,9.25,2.28,9.32,2.35,9.16,2.23,9.43,2.27,9.34,2.34,9.21,2.26,8.95,2.29,9.11,2.26,8.68,2.3,9.9,2.38,8.86,2.2,9.35,2.41,8.49,2.26,9.16,2.21,9.1,2.3,5.303178960263188,US,Nebraska
n6559591635,-99.5541,41.526427,United States,0.191,8.81,2.18,8.72,2.15,8.8,2.13,8.87,2.19,8.76,2.08,8.61,2.15,8.43,2.12,8.15,2.1,8.83,2.21,8.39,2.07,8.75,2.18,8.41,2.15,8.75,2.12,8.81,2.19,8.65,2.08,8.93,2.11,8.84,2.18,8.7,2.11,8.45,2.14,8.6,2.11,8.17,2.14,9.4,2.22,8.35,2.05,8.84,2.25,7.98,2.1,8.65,2.06,8.6,2.15,5.378285933301344,US,Nebraska
n6559535202,-99.563137,41.515972,United States,0.187,8.98,2.31,8.89,2.29,8.98,2.27,9.04,2.32,8.93,2.21,8.79,2.29,8.62,2.25,8.35,2.23,9.0,2.35,8.58,2.2,8.93,2.32,8.59,2.29,8.81,2.28,8.99,2.33,8.83,2.21,9.1,2.25,9.01,2.32,8.88,2.24,8.63,2.27,8.78,2.24,8.37,2.28,9.55,2.36,8.54,2.18,9.01,2.39,8.18,2.24,8.67,2.23,8.78,2.28,5.549287649304769,US,Nebraska
n6574130943,-99.511891,41.549161,United States,0.178,9.2,2.6,9.12,2.57,9.19,2.55,9.25,2.61,9.15,2.49,9.02,2.57,8.87,2.53,8.62,2.52,9.22,2.64,8.83,2.47,9.15,2.61,8.84,2.58,9.14,2.54,9.2,2.62,9.06,2.49,9.3,2.53,9.22,2.61,9.1,2.52,8.88,2.55,9.02,2.53,8.64,2.56,9.71,2.65,8.79,2.45,9.22,2.69,8.46,2.51,9.06,2.47,9.01,2.57,5.555368466360999,US,Nebraska
n6559591624,-99.537753,41.541337,United States,0.196,8.51,2.48,8.43,2.45,8.5,2.43,8.56,2.49,8.46,2.37,8.34,2.45,8.2,2.41,7.95,2.39,8.53,2.51,8.15,2.35,8.47,2.49,8.17,2.45,8.46,2.42,8.51,2.5,8.37,2.37,8.61,2.41,8.53,2.48,8.42,2.4,8.2,2.43,8.33,2.4,7.97,2.44,9.01,2.53,8.12,2.34,8.54,2.56,7.8,2.39,8.38,2.35,8.33,2.44,5.568344004196936,US,Nebraska
n6559535115,-99.567236,41.490035,United States,0.211,8.9,2.14,8.81,2.12,8.9,2.1,8.97,2.15,8.85,2.05,8.69,2.12,8.53,2.09,8.23,2.07,8.92,2.18,8.48,2.04,8.85,2.15,8.49,2.12,8.75,2.1,8.91,2.16,8.74,2.05,9.03,2.08,8.93,2.15,8.79,2.08,8.53,2.11,8.69,2.08,8.25,2.11,9.51,2.19,8.43,2.02,8.93,2.22,8.05,2.07,8.69,2.08,8.68,2.12,5.708432313507962,US,Nebraska
n6559591636,-99.560111,41.527476,United States,0.183,8.95,2.52,8.87,2.49,8.95,2.47,9.01,2.53,8.91,2.41,8.78,2.49,8.62,2.45,8.38,2.44,8.97,2.56,8.59,2.39,8.91,2.53,8.6,2.49,8.9,2.46,8.96,2.54,8.81,2.41,9.06,2.45,8.98,2.52,8.86,2.44,8.63,2.47,8.78,2.45,8.39,2.48,9.47,2.57,8.55,2.38,8.98,2.6,8.22,2.43,8.82,2.39,8.77,2.49,5.863802520157658,US,Nebraska
n6559591625,-99.547452,41.540405,United States,0.205,8.69,2.46,8.6,2.43,8.68,2.41,8.74,2.47,8.64,2.35,8.51,2.43,8.36,2.4,8.11,2.38,8.7,2.49,8.32,2.34,8.64,2.47,8.33,2.44,8.63,2.4,8.69,2.48,8.54,2.35,8.79,2.39,8.71,2.46,8.59,2.38,8.37,2.42,8.51,2.39,8.13,2.42,9.2,2.51,8.28,2.32,8.71,2.54,7.96,2.38,8.55,2.33,8.5,2.43,5.982696306248185,US,Nebraska
n6559535116,-99.57163,41.49379,United States,0.194,9.34,2.41,9.25,2.38,9.34,2.36,9.4,2.42,9.29,2.3,9.15,2.38,8.99,2.35,8.71,2.33,9.36,2.45,8.94,2.29,9.29,2.42,8.96,2.39,9.2,2.37,9.35,2.43,9.19,2.3,9.46,2.34,9.37,2.41,9.24,2.33,8.99,2.37,9.15,2.34,8.73,2.37,9.91,2.46,8.9,2.27,9.37,2.49,8.54,2.33,9.15,2.34,9.14,2.38,6.005476777139433,US,Nebraska
n6559591616,-99.542345,41.544581,United States,0.219,8.35,2.28,8.27,2.25,8.35,2.24,8.41,2.29,8.3,2.18,8.17,2.25,8.02,2.22,7.76,2.21,8.37,2.31,7.97,2.17,8.31,2.29,7.99,2.26,8.3,2.22,8.36,2.3,8.21,2.18,8.46,2.21,8.38,2.28,8.25,2.21,8.02,2.24,8.17,2.21,7.77,2.24,8.89,2.33,7.93,2.15,8.38,2.36,7.6,2.2,8.21,2.16,8.16,2.25,6.082873338303853,US,Nebraska
n6559591613,-99.525529,41.551325,United States,0.191,8.91,2.45,8.83,2.42,8.9,2.4,8.97,2.46,8.86,2.34,8.73,2.42,8.57,2.39,8.32,2.37,8.93,2.49,8.53,2.33,8.86,2.46,8.55,2.43,8.85,2.39,8.91,2.47,8.76,2.34,9.02,2.38,8.93,2.45,8.81,2.37,8.58,2.4,8.72,2.37,8.33,2.41,9.44,2.5,8.49,2.31,8.94,2.53,8.16,2.37,8.77,2.32,8.72,2.42,6.08994213734661,US,Nebraska
n6559591634,-99.558084,41.533683,United States,0.192,9.33,2.54,9.25,2.51,9.33,2.49,9.39,2.56,9.28,2.43,9.15,2.52,9.0,2.48,8.74,2.46,9.35,2.58,8.95,2.42,9.29,2.56,8.97,2.52,9.28,2.48,9.34,2.57,9.19,2.43,9.44,2.47,9.36,2.55,9.23,2.46,9.0,2.5,9.14,2.47,8.75,2.5,9.87,2.59,8.91,2.4,9.36,2.63,8.57,2.46,9.19,2.41,9.14,2.51,6.116754195383562,US,Nebraska
n6559591614,-99.532898,41.549322,United States,0.196,8.89,2.57,8.81,2.54,8.88,2.52,8.94,2.59,8.84,2.46,8.72,2.54,8.57,2.51,8.33,2.49,8.91,2.61,8.53,2.45,8.84,2.58,8.54,2.55,8.83,2.51,8.89,2.59,8.75,2.46,8.99,2.5,8.91,2.58,8.79,2.49,8.58,2.53,8.71,2.5,8.34,2.53,9.39,2.62,8.49,2.43,8.91,2.66,8.17,2.49,8.76,2.44,8.71,2.54,6.130152250312072,US,Nebraska
n6559535188,-99.571403,41.518214,United States,0.191,9.28,2.38,9.19,2.35,9.27,2.34,9.34,2.39,9.23,2.27,9.09,2.36,8.92,2.32,8.65,2.3,9.3,2.42,8.88,2.26,9.23,2.39,8.89,2.36,9.11,2.34,9.28,2.4,9.13,2.28,9.4,2.31,9.31,2.39,9.17,2.31,8.93,2.34,9.08,2.31,8.66,2.35,9.85,2.43,8.83,2.25,9.31,2.46,8.48,2.3,8.97,2.29,9.08,2.35,6.281102936839782,US,Nebraska
n6574029214,-99.512146,41.442548,United States,0.184,8.93,2.34,8.84,2.31,8.92,2.29,8.99,2.35,8.73,2.22,8.7,2.3,8.59,2.27,8.31,2.26,8.95,2.37,8.53,2.22,8.88,2.35,8.55,2.31,8.78,2.27,8.97,2.36,8.78,2.23,9.04,2.27,8.95,2.34,8.57,2.24,8.55,2.29,8.82,2.27,8.33,2.3,9.48,2.38,8.49,2.2,8.96,2.41,8.14,2.26,8.72,2.25,8.8,2.31,6.468035121000707,US,Nebraska
n6574029237,-99.508433,41.442107,United States,0.168,9.33,2.72,9.25,2.68,9.33,2.66,9.38,2.73,9.16,2.58,9.12,2.67,9.02,2.64,8.77,2.62,9.35,2.75,8.98,2.58,9.28,2.72,8.99,2.69,9.19,2.64,9.37,2.74,9.19,2.59,9.43,2.64,9.35,2.72,9.01,2.6,8.99,2.67,9.24,2.65,8.79,2.67,9.83,2.77,8.94,2.56,9.36,2.8,8.62,2.62,9.14,2.61,9.21,2.69,6.47564695187636,US,Nebraska
n6559535189,-99.575926,41.513032,United States,0.186,9.01,2.33,8.92,2.3,9.0,2.28,9.07,2.34,8.96,2.22,8.82,2.3,8.66,2.27,8.38,2.25,9.03,2.36,8.61,2.21,8.96,2.34,8.62,2.3,8.84,2.29,9.01,2.35,8.86,2.22,9.12,2.26,9.04,2.33,8.9,2.25,8.66,2.28,8.81,2.26,8.4,2.29,9.57,2.37,8.57,2.19,9.04,2.41,8.21,2.25,8.71,2.24,8.81,2.3,6.486433635913985,US,Nebraska
n6574029238,-99.504378,41.441097,United States,0.183,9.11,2.39,9.02,2.36,9.1,2.34,9.17,2.4,8.92,2.27,8.88,2.35,8.77,2.32,8.49,2.31,9.13,2.42,8.72,2.27,9.06,2.4,8.73,2.37,8.96,2.32,9.16,2.41,8.96,2.28,9.22,2.32,9.14,2.39,8.76,2.29,8.74,2.35,9.01,2.32,8.51,2.35,9.66,2.44,8.67,2.25,9.14,2.47,8.32,2.31,8.9,2.3,8.98,2.37,6.55987320890436,US,Nebraska
n6559535176,-99.570839,41.526699,United States,0.175,9.3,2.48,9.22,2.45,9.3,2.43,9.36,2.49,9.25,2.36,9.11,2.45,8.95,2.41,8.69,2.4,9.32,2.51,8.91,2.35,9.25,2.49,8.93,2.45,9.14,2.44,9.31,2.5,9.15,2.37,9.41,2.4,9.33,2.48,9.2,2.4,8.96,2.43,9.11,2.4,8.71,2.44,9.85,2.53,8.87,2.34,9.33,2.56,8.53,2.39,9.0,2.38,9.1,2.44,6.603282077688351,US,Nebraska
n6559591626,-99.557279,41.541754,United States,0.197,8.86,2.38,8.77,2.35,8.85,2.33,8.91,2.39,8.81,2.27,8.67,2.35,8.52,2.32,8.25,2.3,8.88,2.41,8.47,2.26,8.81,2.39,8.48,2.36,8.8,2.32,8.86,2.4,8.71,2.27,8.97,2.31,8.88,2.38,8.76,2.3,8.52,2.34,8.66,2.31,8.27,2.34,9.4,2.43,8.43,2.24,8.89,2.46,8.09,2.3,8.71,2.26,8.66,2.35,6.655535125933289,US,Nebraska
n6559591627,-99.564357,41.538124,United States,0.184,9.15,2.55,9.06,2.52,9.14,2.5,9.2,2.56,9.1,2.44,8.97,2.52,8.82,2.49,8.56,2.46,9.17,2.59,8.78,2.42,9.1,2.56,8.79,2.53,8.99,2.51,9.15,2.57,9.0,2.44,9.25,2.48,9.17,2.56,9.05,2.47,8.82,2.51,8.96,2.47,8.58,2.51,9.67,2.6,8.73,2.41,9.18,2.64,8.4,2.47,8.86,2.45,8.96,2.52,6.832269130015213,US,Nebraska
n6574029259,-99.572591,41.471318,United States,0.173,9.21,2.48,9.12,2.45,9.2,2.43,9.26,2.49,9.16,2.37,9.02,2.45,8.87,2.41,8.6,2.39,9.23,2.51,8.82,2.36,9.16,2.49,8.84,2.46,9.07,2.43,9.21,2.5,9.06,2.37,9.32,2.41,9.23,2.48,9.11,2.4,8.87,2.43,9.01,2.4,8.62,2.44,9.75,2.53,8.78,2.34,9.24,2.56,8.44,2.4,9.02,2.41,9.01,2.45,6.836268514234717,US,Nebraska
n6559591615,-99.544387,41.552259,United States,0.21,8.62,2.4,8.53,2.37,8.61,2.35,8.67,2.41,8.57,2.29,8.44,2.37,8.29,2.34,8.03,2.31,8.64,2.43,8.25,2.28,8.57,2.41,8.26,2.37,8.56,2.34,8.62,2.42,8.47,2.29,8.72,2.33,8.64,2.4,8.52,2.32,8.29,2.35,8.43,2.32,8.05,2.36,9.14,2.44,8.2,2.26,8.65,2.48,7.87,2.32,8.48,2.27,8.43,2.36,6.886259940292264,US,Nebraska
n6559535187,-99.57679,41.523073,United States,0.187,8.95,2.3,8.86,2.27,8.95,2.25,9.01,2.31,8.9,2.19,8.76,2.27,8.6,2.24,8.32,2.22,8.97,2.33,8.55,2.18,8.9,2.31,8.56,2.28,8.78,2.26,8.96,2.32,8.8,2.2,9.07,2.23,8.98,2.3,8.85,2.23,8.6,2.26,8.76,2.23,8.34,2.26,9.52,2.34,8.51,2.17,8.98,2.37,8.15,2.22,8.64,2.21,8.75,2.27,6.889475477519271,US,Nebraska
n6574029258,-99.570298,41.465004,United States,0.186,8.39,1.6,8.27,1.58,8.38,1.57,8.47,1.61,8.13,1.52,8.08,1.57,7.93,1.55,7.55,1.55,8.42,1.62,7.85,1.52,8.32,1.61,7.87,1.58,8.19,1.57,8.45,1.61,8.18,1.53,8.55,1.55,8.43,1.6,7.91,1.53,7.88,1.57,8.25,1.56,7.57,1.57,9.16,1.63,7.79,1.51,8.43,1.65,7.33,1.55,8.13,1.55,8.21,1.58,7.031055274095747,US,Nebraska
n6559591628,-99.563206,41.544545,United States,0.188,9.04,2.5,8.96,2.47,9.03,2.45,9.09,2.51,8.99,2.38,8.86,2.47,8.71,2.44,8.45,2.42,9.06,2.53,8.66,2.37,8.99,2.51,8.68,2.47,8.88,2.46,9.04,2.52,8.89,2.39,9.14,2.42,9.06,2.5,8.94,2.42,8.71,2.45,8.86,2.42,8.47,2.46,9.56,2.55,8.62,2.35,9.07,2.58,8.29,2.41,8.75,2.4,8.85,2.46,7.22652387848606,US,Nebraska
n6574019658,-99.512904,41.435067,United States,0.179,9.02,2.39,8.93,2.36,9.02,2.34,9.08,2.4,8.83,2.27,8.79,2.35,8.69,2.32,8.41,2.31,9.04,2.42,8.63,2.27,8.97,2.4,8.64,2.37,8.87,2.32,9.07,2.41,8.87,2.28,9.13,2.32,9.05,2.39,8.67,2.29,8.65,2.35,8.92,2.33,8.42,2.35,9.57,2.44,8.59,2.25,9.05,2.47,8.24,2.31,8.81,2.3,8.89,2.37,7.299845767166184,US,Nebraska
n6574156000,-99.496497,41.433341,United States,0.164,9.38,2.6,9.3,2.56,9.38,2.55,9.44,2.61,9.2,2.47,9.16,2.55,9.06,2.52,8.79,2.51,9.4,2.63,9.01,2.47,9.33,2.61,9.02,2.57,9.24,2.53,9.42,2.62,9.24,2.48,9.49,2.52,9.41,2.6,9.05,2.48,9.03,2.55,9.29,2.53,8.81,2.56,9.9,2.65,8.97,2.45,9.41,2.68,8.63,2.51,9.18,2.5,9.26,2.57,7.417897557516003,US,Nebraska
n6574029316,-99.550539,41.444782,United States,0.19,8.81,2.22,8.72,2.2,8.81,2.18,8.87,2.23,8.61,2.11,8.57,2.19,8.46,2.16,8.17,2.15,8.83,2.26,8.4,2.11,8.76,2.23,8.42,2.2,8.65,2.16,8.86,2.24,8.66,2.13,8.93,2.16,8.84,2.23,8.44,2.13,8.43,2.19,8.71,2.16,8.19,2.19,9.39,2.27,8.36,2.1,8.84,2.3,8.0,2.15,8.6,2.14,8.68,2.2,7.445075435931044,US,Nebraska
n6574156016,-99.501796,41.432714,United States,0.18,9.02,2.39,8.93,2.36,9.01,2.34,9.08,2.4,8.83,2.27,8.79,2.35,8.68,2.32,8.41,2.31,9.04,2.42,8.63,2.27,8.97,2.4,8.64,2.36,8.87,2.32,9.06,2.41,8.87,2.28,9.13,2.32,9.04,2.39,8.67,2.28,8.65,2.34,8.92,2.32,8.42,2.35,9.57,2.43,8.58,2.25,9.05,2.46,8.24,2.31,8.81,2.3,8.89,2.36,7.483368621929247,US,Nebraska
n6574155999,-99.489008,41.432666,United States,0.167,9.27,2.38,9.18,2.35,9.26,2.33,9.33,2.39,9.07,2.26,9.03,2.34,8.92,2.31,8.26,2.29,9.29,2.41,8.87,2.26,9.22,2.39,8.88,2.36,9.11,2.31,9.32,2.4,9.11,2.27,9.38,2.31,9.3,2.38,8.91,2.28,8.89,2.34,9.17,2.32,8.22,2.32,9.83,2.43,8.82,2.24,9.3,2.46,8.47,2.3,9.06,2.29,9.14,2.36,7.543020859020329,US,Nebraska
n6574029286,-99.568193,41.454926,United States,0.178,9.15,2.43,9.06,2.4,9.14,2.38,9.21,2.44,8.96,2.3,8.92,2.39,8.81,2.36,8.54,2.34,9.17,2.46,8.76,2.31,9.1,2.44,8.77,2.4,9.01,2.38,9.2,2.45,9.0,2.32,9.26,2.36,9.17,2.43,8.8,2.32,8.78,2.38,9.05,2.37,8.55,2.39,9.7,2.47,8.72,2.29,9.18,2.51,8.37,2.34,8.96,2.35,9.02,2.4,7.5759571928523535,US,Nebraska
n6559535088,-99.58429,41.473989,United States,0.178,9.22,2.6,9.14,2.57,9.21,2.55,9.27,2.62,9.17,2.49,9.04,2.58,8.89,2.54,8.64,2.52,9.24,2.64,8.85,2.48,9.17,2.62,8.87,2.58,9.09,2.56,9.22,2.63,9.08,2.49,9.32,2.53,9.24,2.61,9.12,2.52,8.9,2.56,9.04,2.53,8.66,2.57,9.73,2.66,8.81,2.46,9.25,2.69,8.49,2.52,9.04,2.53,9.03,2.57,7.5934949949272115,US,Nebraska
n6574029271,-99.579188,41.464217,United States,0.186,8.73,1.94,8.62,1.92,8.72,1.9,8.8,1.95,8.5,1.84,8.45,1.91,8.33,1.88,8.0,1.87,8.75,1.97,8.26,1.84,8.67,1.95,8.28,1.92,8.56,1.9,8.78,1.96,8.55,1.85,8.86,1.88,8.76,1.94,8.31,1.86,8.29,1.9,8.61,1.89,8.02,1.91,9.38,1.98,8.21,1.83,8.76,2.0,7.81,1.87,8.5,1.88,8.57,1.92,7.7036935784108564,US,Nebraska
n6559591633,-99.570403,41.54503,United States,0.183,9.1,2.55,9.02,2.52,9.1,2.5,9.16,2.56,9.05,2.43,8.92,2.52,8.77,2.48,8.52,2.46,9.12,2.59,8.73,2.42,9.06,2.56,8.75,2.52,8.95,2.51,9.11,2.57,8.96,2.44,9.21,2.48,9.13,2.55,9.01,2.47,8.78,2.5,8.92,2.47,8.54,2.51,9.62,2.6,8.69,2.4,9.13,2.63,8.36,2.46,8.82,2.45,8.92,2.52,7.708703395282357,US,Nebraska
n6574029318,-99.547494,41.439435,United States,0.185,8.92,2.31,8.83,2.29,8.91,2.27,8.98,2.32,8.72,2.2,8.68,2.28,8.57,2.25,8.29,2.24,8.94,2.35,8.52,2.2,8.87,2.32,8.53,2.29,8.76,2.25,8.96,2.33,8.76,2.21,9.03,2.25,8.94,2.32,8.56,2.21,8.54,2.27,8.81,2.25,8.31,2.28,9.48,2.36,8.47,2.18,8.95,2.39,8.12,2.24,8.7,2.23,8.78,2.29,7.811081354824761,US,Nebraska
n6574029290,-99.562059,41.447224,United States,0.19,8.81,2.19,8.72,2.16,8.8,2.14,8.87,2.2,8.61,2.08,8.57,2.15,8.45,2.13,8.16,2.11,8.83,2.22,8.4,2.08,8.76,2.2,8.41,2.17,8.65,2.13,8.86,2.21,8.65,2.09,8.93,2.12,8.84,2.19,8.44,2.09,8.42,2.15,8.7,2.13,8.17,2.15,9.4,2.23,8.35,2.06,8.84,2.26,7.98,2.11,8.59,2.1,8.67,2.17,7.821216148459033,US,Nebraska
n6559591488,-99.587105,41.527796,United States,0.187,8.43,2.14,8.34,2.12,8.42,2.1,8.49,2.15,8.38,2.05,8.23,2.12,8.07,2.09,7.79,2.07,8.45,2.17,8.02,2.04,8.38,2.15,8.04,2.12,8.26,2.11,8.43,2.16,8.27,2.05,8.54,2.08,8.45,2.15,8.32,2.08,8.08,2.1,8.23,2.08,7.81,2.11,9.0,2.19,7.98,2.02,8.46,2.21,7.62,2.07,8.12,2.06,8.22,2.11,7.883691365150663,US,Nebraska
